Embedding_Dimension,Test_Accuracy
50,86.73200011253357
100,86.32799983024597
200,84.38799977302551
300,86.89200282096863
400,86.10799908638
500,86.33599877357483
