Dense_Units,Test_Accuracy
8,88.10799717903137
16,88.46799731254578
32,87.99600005149841
64,87.94000148773193
128,87.56800293922424
256,87.06799745559692
512,86.00800037384033
