Embedding_Dimension,Test_Accuracy
50,87.76000142097473
100,87.51199841499329
200,86.09200119972229
300,86.65599822998047
400,86.97599768638611
500,86.58000230789185
